Username,Avatar URL
silvercrystal888,https://p16-sign-sg.tiktokcdn.com/tos-alisg-avt-0068/71ecd1ad389d67ee1ca1264299e8c5d3~tplv-tiktokx-cropcenter:1080:1080.jpeg?dr=14579&refresh_token=d14086f7&x-expires=1771189200&x-signature=4aZeUT7fjg2fjfuMjVCeQYRQpWY%3D&t=4d5b0474&ps=13740610&shp=a5d48078&shcp=81f88b70&idc=my
linhnhi2903,https://p16-sign-sg.tiktokcdn.com/tos-alisg-avt-0068/edc61d004288cb25dd1ee39108f0f394~tplv-tiktokx-cropcenter:1080:1080.jpeg?dr=14579&refresh_token=aa9f6604&x-expires=1771189200&x-signature=r0hEbhdkYyQ8m8Ntzx8OaIjvl1M%3D&t=4d5b0474&ps=13740610&shp=a5d48078&shcp=81f88b70&idc=my
channe0306,https://p16-sign-sg.tiktokcdn.com/tos-alisg-avt-0068/cce5e6bc3de80bcde3043ae0925b087d~tplv-tiktokx-cropcenter:1080:1080.jpeg?dr=14579&refresh_token=6b42043b&x-expires=1771189200&x-signature=i4iXxjSq%2Bhj8Oz1rM4gIeBY3Asw%3D&t=4d5b0474&ps=13740610&shp=a5d48078&shcp=81f88b70&idc=my
tqi.04,https://p16-sign-sg.tiktokcdn.com/tos-alisg-avt-0068/7ebf5159abf27408e9ee9708692ec0dd~tplv-tiktokx-cropcenter:1080:1080.jpeg?dr=14579&refresh_token=6b015372&x-expires=1771189200&x-signature=X4%2BKPFO7%2Be7QF7UY8c%2FnIcbGdm8%3D&t=4d5b0474&ps=13740610&shp=a5d48078&shcp=81f88b70&idc=my
selene2410,https://p16-sign-sg.tiktokcdn.com/tos-alisg-avt-0068/d03a3bc1e0bde659087d6fd5098f7cb9~tplv-tiktokx-cropcenter:1080:1080.jpeg?dr=14579&refresh_token=5ab8d56a&x-expires=1771189200&x-signature=nMYNQtVdCS7pvGQ5UjWb%2BQfSEWk%3D&t=4d5b0474&ps=13740610&shp=a5d48078&shcp=81f88b70&idc=my
phwnthuy,https://p16-sign-sg.tiktokcdn.com/tos-alisg-avt-0068/d7784e500256581c8c2671dab3351e7a~tplv-tiktokx-cropcenter:1080:1080.jpeg?dr=14579&refresh_token=8bcbfc4a&x-expires=1771189200&x-signature=QUtJGHpVniGkQfzpCM2bCJ8IfKU%3D&t=4d5b0474&ps=13740610&shp=a5d48078&shcp=81f88b70&idc=my
nyn2f,https://p16-sign-sg.tiktokcdn.com/tos-alisg-avt-0068/c2a1cf2436c7d61542b2e3af4bf8f9c5~tplv-tiktokx-cropcenter:1080:1080.jpeg?dr=14579&refresh_token=7636ad90&x-expires=1771189200&x-signature=1iOQjPvKjRNpPLnrqPycKdXU28k%3D&t=4d5b0474&ps=13740610&shp=a5d48078&shcp=81f88b70&idc=my
kz_carooo,https://p16-sign-sg.tiktokcdn.com/tos-alisg-avt-0068/a3fbd82fce4ce59e78723f4792d18299~tplv-tiktokx-cropcenter:1080:1080.jpeg?dr=14579&refresh_token=9ef5fb2f&x-expires=1771189200&x-signature=z90%2BZ7KSkMNzkg85jNZcos8MLN8%3D&t=4d5b0474&ps=13740610&shp=a5d48078&shcp=81f88b70&idc=my
kz_krys,https://p9-sign-sg.tiktokcdn.com/tos-alisg-avt-0068/4fad1870b33098bdc47554b0e32623b4~tplv-tiktokx-cropcenter:1080:1080.jpeg?dr=14579&refresh_token=a4e43806&x-expires=1771189200&x-signature=dOQaB99C8%2BCCBHtD1eK31kDI638%3D&t=4d5b0474&ps=13740610&shp=a5d48078&shcp=81f88b70&idc=my
kz_pudy.fwfw,https://p16-sign-sg.tiktokcdn.com/tos-alisg-avt-0068/4863d43350427e166e73137156ba6963~tplv-tiktokx-cropcenter:1080:1080.jpeg?dr=14579&refresh_token=54a4f3ab&x-expires=1771189200&x-signature=BwyfkRMOl3XY%2Flq9WhXK9accAw8%3D&t=4d5b0474&ps=13740610&shp=a5d48078&shcp=81f88b70&idc=my
kzblue_52,https://p16-sign-sg.tiktokcdn.com/tos-alisg-avt-0068/f837cc229d6168ecb90192978fc5c1a2~tplv-tiktokx-cropcenter:1080:1080.jpeg?dr=14579&refresh_token=17b85dc7&x-expires=1771189200&x-signature=LbewMthCO7UIYFAEVs%2BfzeNy6xk%3D&t=4d5b0474&ps=13740610&shp=a5d48078&shcp=81f88b70&idc=my
kz_mikeyyy,https://p16-sign-sg.tiktokcdn.com/tos-alisg-avt-0068/73cd1789e3e2e9ea9f99887f82cae534~tplv-tiktokx-cropcenter:1080:1080.jpeg?dr=14579&refresh_token=2c231f1a&x-expires=1771189200&x-signature=9p71phzHPUgRSEUMMDfFoshXWGY%3D&t=4d5b0474&ps=13740610&shp=a5d48078&shcp=81f88b70&idc=my
bunboholic247,https://p16-sign-sg.tiktokcdn.com/tos-alisg-avt-0068/16d58c1d9888fb7842af6cf557881804~tplv-tiktokx-cropcenter:1080:1080.jpeg?dr=14579&refresh_token=e11986fb&x-expires=1771189200&x-signature=F9JOPz6wwRJZgX2Kd2D%2FzVYn%2BDY%3D&t=4d5b0474&ps=13740610&shp=a5d48078&shcp=81f88b70&idc=my
hissin25,https://p16-sign-sg.tiktokcdn.com/tos-alisg-avt-0068/0b826c8e7046cecda6f6868410c96a58~tplv-tiktokx-cropcenter:1080:1080.jpeg?dr=14579&refresh_token=4160dd1c&x-expires=1771189200&x-signature=YiiWLzzW0ZdRXG1u02LpKEDt0Dw%3D&t=4d5b0474&ps=13740610&shp=a5d48078&shcp=81f88b70&idc=my
dlee10109999,https://p16-sign-sg.tiktokcdn.com/tos-alisg-avt-0068/6dc84840ce05bfc806899653f86926d9~tplv-tiktokx-cropcenter:1080:1080.jpeg?dr=14579&refresh_token=6cfa8412&x-expires=1771189200&x-signature=pnTSJ3N9SllWLbxNj1cKJ7j7xu0%3D&t=4d5b0474&ps=13740610&shp=a5d48078&shcp=81f88b70&idc=my
minluong89,https://p16-sign-sg.tiktokcdn.com/tos-alisg-avt-0068/190bb5a3bfd249975d307f71da6b0905~tplv-tiktokx-cropcenter:1080:1080.jpeg?dr=14579&refresh_token=ff3afec0&x-expires=1771189200&x-signature=ygEV2eMPLiRzIMzVVplfMgKv2SE%3D&t=4d5b0474&ps=13740610&shp=a5d48078&shcp=81f88b70&idc=my
__bintran99,https://p16-sign-sg.tiktokcdn.com/tos-alisg-avt-0068/bb8d47f02f1011ed8539f3f810327d57~tplv-tiktokx-cropcenter:1080:1080.jpeg?dr=14579&refresh_token=7e39095e&x-expires=1771189200&x-signature=O6ywHs0ADpA%2FHZfadd7vz5Fq9Dc%3D&t=4d5b0474&ps=13740610&shp=a5d48078&shcp=81f88b70&idc=my
shin.nosukee,https://p16-sign-sg.tiktokcdn.com/tos-alisg-avt-0068/9207f27823c2156bb50687d023295754~tplv-tiktokx-cropcenter:1080:1080.jpeg?dr=14579&refresh_token=7149952b&x-expires=1771189200&x-signature=9fNNs5HAlNCoQzDLxgBc8btRxJs%3D&t=4d5b0474&ps=13740610&shp=a5d48078&shcp=81f88b70&idc=my
hoithanh83,https://p16-sign-sg.tiktokcdn.com/tos-alisg-avt-0068/a8d201b2559a174934cf7df2d3433fb2~tplv-tiktokx-cropcenter:1080:1080.jpeg?dr=14579&refresh_token=7a53836f&x-expires=1771189200&x-signature=A7QbKyv8RamnD1D18TT23583US8%3D&t=4d5b0474&ps=13740610&shp=a5d48078&shcp=81f88b70&idc=my
soyaaaa.ah,https://p16-sign-sg.tiktokcdn.com/tos-alisg-avt-0068/bb2357cbe60f8adadc3d9e4aa12edecb~tplv-tiktokx-cropcenter:1080:1080.jpeg?dr=14579&refresh_token=81878b94&x-expires=1771189200&x-signature=%2BsSzDT77TWJ6b22Efa9fH1BefWg%3D&t=4d5b0474&ps=13740610&shp=a5d48078&shcp=81f88b70&idc=my
wina.here,https://p16-sign-sg.tiktokcdn.com/tos-alisg-avt-0068/ce651558fcb0296bdeacc26a27eb7cb0~tplv-tiktokx-cropcenter:1080:1080.jpeg?dr=14579&refresh_token=197f9853&x-expires=1771189200&x-signature=MeDwxbZQMJkAqq5t3mv1UtKB6BY%3D&t=4d5b0474&ps=13740610&shp=a5d48078&shcp=81f88b70&idc=my
laylaizme,https://p9-sign-sg.tiktokcdn.com/tos-alisg-avt-0068/2795b6073e945e3c14f8fdfd322523f1~tplv-tiktokx-cropcenter:1080:1080.jpeg?dr=14579&refresh_token=f00895c3&x-expires=1771189200&x-signature=DH30Ag6Gfz7b%2FlxTOGXn7t8MMM0%3D&t=4d5b0474&ps=13740610&shp=a5d48078&shcp=81f88b70&idc=my
la.isyne,https://p16-sign-sg.tiktokcdn.com/tos-alisg-avt-0068/56f2daf9ae97f1ffa2d72823cc5405ac~tplv-tiktokx-cropcenter:1080:1080.jpeg?dr=14579&refresh_token=929501b9&x-expires=1771189200&x-signature=3VEbOd8dKG7HNkO%2FKYoxbNVt4So%3D&t=4d5b0474&ps=13740610&shp=a5d48078&shcp=81f88b70&idc=my
ni3tui,https://p16-sign-sg.tiktokcdn.com/tos-alisg-avt-0068/ebeaef83a5581379a10011047bef2e8a~tplv-tiktokx-cropcenter:1080:1080.jpeg?dr=14579&refresh_token=7f4e487f&x-expires=1771189200&x-signature=UCkiX6Ft2XgaP4xR2WNcLG%2BzF7k%3D&t=4d5b0474&ps=13740610&shp=a5d48078&shcp=81f88b70&idc=my
jyan.52hz,https://p16-sign-sg.tiktokcdn.com/tos-alisg-avt-0068/55bf0f4f0d1f38e06dfaaa8767c795ef~tplv-tiktokx-cropcenter:1080:1080.jpeg?dr=14579&refresh_token=0d927556&x-expires=1771189200&x-signature=tluccHN6gjbT%2FIQz11xPRMiXv7Q%3D&t=4d5b0474&ps=13740610&shp=a5d48078&shcp=81f88b70&idc=my
nellrrel,https://p16-sign-sg.tiktokcdn.com/tos-alisg-avt-0068/79f3966c965afb13bb6a46ee28079e90~tplv-tiktokx-cropcenter:1080:1080.jpeg?dr=14579&refresh_token=8228f690&x-expires=1771189200&x-signature=fEq6sWVh7hoA4HUYnoBNZYF5o1E%3D&t=4d5b0474&ps=13740610&shp=a5d48078&shcp=81f88b70&idc=my
zii.zuu20.03,https://p9-sign-sg.tiktokcdn.com/tos-alisg-avt-0068/4fcaac36e8627a9b37163f38e067cf16~tplv-tiktokx-cropcenter:1080:1080.jpeg?dr=14579&refresh_token=cba5e442&x-expires=1771189200&x-signature=VPZeXNP5tK3GQv2g6h%2B61LSF5L0%3D&t=4d5b0474&ps=13740610&shp=a5d48078&shcp=81f88b70&idc=my
htr_lucia,https://p9-sign-sg.tiktokcdn.com/tos-alisg-avt-0068/d3c898785c2fa9b005a95ae104bcd07f~tplv-tiktokx-cropcenter:1080:1080.jpeg?dr=14579&refresh_token=13cfb9ba&x-expires=1771189200&x-signature=LOsxPCpG8g5Dj%2F8CJ1q0URMfIIE%3D&t=4d5b0474&ps=13740610&shp=a5d48078&shcp=81f88b70&idc=my
katie.0712,NOT_FOUND
eddie.ht,https://p16-sign-sg.tiktokcdn.com/tos-alisg-avt-0068/c649ba28b825514cf5a53c44727421d8~tplv-tiktokx-cropcenter:1080:1080.jpeg?dr=14579&refresh_token=6847beea&x-expires=1771189200&x-signature=HZNe7QKr4Jhfr5LG3QEJYgJhHgQ%3D&t=4d5b0474&ps=13740610&shp=a5d48078&shcp=81f88b70&idc=my
vemaybayquanghung11@gmail.com
EY25IL